energy,IPR
-42.91530655,1.0
-42.91530655,1.0
-42.91530655,1.0
-42.91530655,1.0
-42.91530655,1.0
-42.87216855,1.0
-42.87216855,1.0
-42.87216855,1.0
-42.87216855,1.0
-42.87216855,1.0
-42.84737655,1.0
-42.84737655,1.0
-42.84737655,1.0
-42.84737655,1.0
-42.84737655,1.0
-42.83591855,1.0
-42.83591855,1.0
-42.83591855,1.0
-42.83591855,1.0
-42.83591855,1.0
-42.81580055,1.0
-42.81580055,1.0
-42.81580055,1.0
-42.81580055,1.0
-42.81580055,1.0
-42.74526255,1.0
-42.74526255,1.0
-42.74526255,1.0
-42.74526255,1.0
-42.74526255,1.0
-42.735810550000004,1.0
-42.735810550000004,1.0
-42.735810550000004,1.0
-42.735810550000004,1.0
-42.735810550000004,1.0
-42.70996855,1.0
-42.70996855,1.0
-42.70996855,1.0
-42.70996855,1.0
-42.70996755,1.0
-22.91367355,1.0
-22.91367355,1.0
-22.91367255,1.0
-22.91367255,1.0
-22.91367255,1.0
-22.89837155,1.0
-22.89837055,1.0
-22.89837055,1.0
-22.89837055,1.0
-22.89837055,1.0
-22.89203455,1.0
-22.89203455,1.0
-22.89203455,1.0
-22.89203455,1.0
-22.89203455,1.0
-22.888668550000002,1.0
-22.888668550000002,1.0
-22.888668550000002,1.0
-22.88866755,1.0
-22.88866655,1.0
-22.87809855,1.0
-22.87809855,1.0
-22.87809855,1.0
-22.87809855,1.0
-22.87809855,1.0
-22.85589955,0.9477992118124616
-22.85589955,0.9477992118124616
-22.85589955,0.9477992118124616
-22.85589955,0.9477992118124616
-22.85589955,0.9477992118124616
-22.85314755,0.9918118067577945
-22.85314755,0.9918118067577945
-22.85314755,0.9918118067577945
-22.85314755,0.9918118067577945
-22.85314755,0.9918118067577945
-22.85023255,0.9479437212360289
-22.85023255,0.9479437212360289
-22.85023155,0.9479437212360289
-22.85023155,0.9479437212360289
-22.85023155,0.9479437212360289
-22.82777755,0.9938588095408759
-22.82777655,0.9938588095408759
-22.82777655,0.9938588095408759
-22.82777655,0.9938588095408759
-22.82777655,0.9938588095408759
-22.81820255,0.9979487201109757
-22.81820255,0.9979487201109757
-22.81820255,0.9979487201109757
-22.81820255,0.9979487201109757
-22.81820255,0.9979487201109757
-22.81723655,0.9756134735558605
-22.81723655,0.9756134735558605
-22.81723655,0.9756134735558605
-22.81723655,0.9756134735558605
-22.81723555,0.9756134735558605
-22.80813755,0.9422821827744904
-22.80813755,0.9422821827744904
-22.80813755,0.9422821827744904
-22.80813655,0.9422821827744904
-22.80813655,0.9422821827744904
-22.79143055,0.9979466140785801
-22.79143055,0.9979466140785801
-22.79143055,0.9979466140785801
-22.79143055,0.9979466140785801
-22.79142955,0.9979466140785801
-22.77655955,0.9736355387867066
-22.77655955,0.9736355387867066
-22.77655955,0.9736355387867066
-22.77655955,0.9736355387867066
-22.77655955,0.9736355387867066
-22.77304655,0.8456538249065996
-22.77304555,0.8456538249065996
-22.77304555,0.8456538249065996
-22.77304555,0.8456538249065996
-22.77304455,0.8456538249065996
-22.75493555,0.8916215862950048
-22.75493555,0.8916215862950048
-22.75493555,0.8916215862950048
-22.75493455,0.8916215862950048
-22.75493455,0.8916215862950048
-22.730441550000002,1.0
-22.730441550000002,1.0
-22.730441550000002,1.0
-22.730441550000002,1.0
-22.730441550000002,1.0
-22.72691155,0.9422247426940282
-22.72691055,0.9422247426940282
-22.72691055,0.9422247426940282
-22.726909550000002,0.9422247426940282
-22.726909550000002,0.9422247426940282
-22.71127155,0.9918201788598004
-22.71127155,0.9918201788598004
-22.71127155,0.9918201788598004
-22.711270550000002,0.9918201788598004
-22.71126955,0.9918201788598004
-22.70961455,0.9918201788598004
-22.70961455,0.9918201788598004
-22.70961355,0.9918201788598004
-22.70961355,0.9918201788598004
-22.70961355,0.9918201788598004
-22.70873955,0.9460954003263494
-22.70873955,0.9460954003263494
-22.70873955,0.9460954003263494
-22.70873855,0.9460954003263494
-22.70873755,0.9460954003263494
-22.70669555,0.9756629239065814
-22.70669555,0.9756629239065814
-22.70669455,0.9756629239065814
-22.70669355,0.9756629239065814
-22.70669355,0.9756629239065814
-22.69784855,0.9716151773629775
-22.69784855,0.9716151773629775
-22.69784755,0.9716151773629775
-22.69784655,0.9716151773629775
-22.69784655,0.9716151773629775
-22.67966255,0.9897773317760753
-22.67966255,0.9897773317760753
-22.67966255,0.9897773317760753
-22.67966255,0.9897773317760753
-22.67966055,0.9897773317760753
-12.40905755,0.015274528691344437
-12.33747355,0.01639558429681887
-12.332623550000001,0.014675284702985533
-12.32717955,0.013462603878116342
-12.323489550000001,0.017666949506718498
-12.26890955,0.018346662642724207
-12.25678855,0.01981119785460772
-12.25583355,0.01851851851851851
-12.245834550000001,0.015580357142857142
-12.23307855,0.015563036132871034
-12.21702855,0.01716077377453039
-12.193408550000001,0.016020567115411402
-12.18994455,0.018660490204647325
-12.189814550000001,0.015244689553919423
-12.17333455,0.01314497602638527
-12.12903755,0.015853285337051885
-12.09123255,0.014995629492125356
-12.07615555,0.02293367346938775
-12.06731155,0.018597500495933346
-12.05680555,0.01844198329358588
-12.03829055,0.018075268516185614
-12.02721455,0.0221119900173276
-12.02483355,0.03055772898430241
-12.02373055,0.01802155764492323
-12.01414755,0.015467379869402926
-11.992236550000001,0.017994669382071574
-11.99182255,0.019988283682113594
-11.989948550000001,0.023631629504480153
-11.985780550000001,0.02169470256967857
-11.95432555,0.01885166633604443
-11.94134855,0.022063020214030914
-11.93829955,0.016352500083757448
-11.92456855,0.01437886997493367
-11.92151755,0.017136301278393565
-11.92014755,0.018479532163742686
-11.91409955,0.022069033921840897
-11.88340655,0.01590086292402301
-11.87906555,0.02434595260080024
-11.859287550000001,0.018569788230707603
-11.85760155,0.016211061665607113
-11.85677055,0.046252381051128534
-11.85413355,0.022184326511082948
-11.81476555,0.015954325394884828
-11.811880550000001,0.028691110643705865
-11.80861255,0.04198108194282069
-11.80519455,0.01908809073724008
-11.78710555,0.0184673115758514
-11.78398855,0.019374517746913573
-11.783118550000001,0.02359690844233055
-11.77107655,0.018211082175925923
-11.748049550000001,0.020126674728511387
-11.74734555,0.017626342717769614
-11.74409755,0.01642001238329954
-11.73109555,0.027672566823556975
-11.70643655,0.01566400043252465
-11.70379255,0.01906105324074074
-11.690422550000001,0.018996189797428797
-11.68619655,0.023204202349951228
-11.675295550000001,0.019947195948685752
-11.657814550000001,0.0219841747121261
-11.652728549999999,0.018695880152031778
-11.65139955,0.017937908149407773
-11.63997255,0.023847415123456787
-11.63766755,0.01667657550535077
-11.630808550000001,0.03097174868229125
-11.61958755,0.024281456593181885
-11.61585355,0.017265160523186683
-11.601792549999999,0.014654064272211718
-11.59835355,0.01562088037421384
-11.59610555,0.03785973240750579
-11.58252455,0.027284751006719333
-11.58160355,0.023086812800919405
-11.57890055,0.018905287190299245
-11.57862455,0.017188035096420685
-11.56344755,0.016220322886989547
-11.54841355,0.01750891795481569
-11.542657550000001,0.016680450558538826
-11.53428855,0.01965078218732891
-11.52117555,0.01747919143876337
-11.51269755,0.024928850627649643
-11.50503655,0.018567484769770173
-11.496425550000001,0.0227397768094878
-11.49593355,0.026808698994746586
-11.49122155,0.021177732106156737
-11.48393355,0.021355529131985726
-11.48362855,0.019037183139747244
-11.47874455,0.026810846312629012
-11.45299655,0.028362025082141692
-11.44484755,0.016706933758678922
-11.42020655,0.020410548615676812
-11.41793655,0.01499365840111543
-11.416072549999999,0.0279113547884396
-11.40385955,0.016026693563520353
-11.398826549999999,0.01689111018557082
-11.39671055,0.020700948003447277
-11.381708549999999,0.06254524561907499
-11.373602550000001,0.03191197954711467
-11.35824555,0.016949628095811277
-11.357884550000001,0.020728062008353487
-11.35524255,0.01940787672121319
-11.34565555,0.020416751940643543
-11.334631550000001,0.02069913452690188
-11.33046455,0.01658943571950328
-11.32923055,0.024556017165814452
-11.30730055,0.014421074552269883
-11.304228550000001,0.016108508625737577
-11.28931255,0.02759096544043335
-11.280720550000002,0.01657019954056124
-11.28054155,0.020742611249967794
-11.27446655,0.03682802130860348
-11.27139855,0.018248310104678245
-11.27066255,0.0167617411456787
-11.26652055,0.021061814208990493
-11.26330555,0.02560678138210394
-11.25644155,0.019839126687733407
-11.244220550000001,0.023074641621354423
-11.229303550000001,0.017753290480563205
-11.22904655,0.016219032813121814
-11.21999255,0.01852628558183684
-11.217117550000001,0.023518084770956252
-11.21077455,0.017588888888888887
-11.20446355,0.015134510084005027
-11.20023755,0.018398466033601166
-11.18761855,0.02054534732738835
-11.17569455,0.02097582843108943
-11.17233655,0.019226696808934875
-11.16441155,0.01810227621595544
-11.15219255,0.017433061780764265
-11.15127955,0.01881970000335566
-11.13248755,0.02099385106907235
-11.12837355,0.021535614449235095
-11.12185255,0.019044444444444444
-11.12087055,0.016414683237311083
-11.101421550000001,0.025526684708236595
-11.099527550000001,0.01636295405127978
-11.09475755,0.020392367643106684
-11.09036055,0.01583882658132176
-11.089442550000001,0.02760295601070128
-11.07707955,0.015728092626116505
-11.06889855,0.017057991743769155
-11.05827955,0.020873987987482655
-11.052251550000001,0.016835884391035477
-11.03983255,0.01707348952717054
-11.03980355,0.02738883956013934
-11.026479550000001,0.018369003374770383
-11.02279455,0.01851221870722515
-11.01272855,0.02338844034345764
-11.01145855,0.01945176027949476
-11.00515155,0.016405983197868998
-10.99740055,0.029537582938007782
-10.99221455,0.04508465466272506
-10.99205155,0.027217863447274584
-10.98718955,0.0182208213864058
-10.98381355,0.01983575422550902
-10.98200555,0.016117496738731543
-10.977271550000001,0.024949866842088508
-10.958266550000001,0.019496228076690467
-10.95303455,0.02118051424416682
-10.94013455,0.027070759625390205
-10.94004655,0.021286957614603943
-10.93051855,0.015940702981189204
-10.93024955,0.03415691717892787
-10.928500549999999,0.019551538756191054
-10.92340255,0.018141199130391653
-10.92145155,0.02126511996827285
-10.90450255,0.025357353685275755
-10.903601550000001,0.02647123511483959
-10.89534755,0.02053655304189542
-10.88953955,0.019531737773152962
-10.88688355,0.024284486747306492
-10.88113255,0.02011512666068605
-10.878679550000001,0.03179760907197213
-10.876675550000002,0.0212545442527596
-10.85410555,0.03229448491155046
-10.853094550000002,0.021026514380528126
-10.85176955,0.020897674261813447
-10.84651655,0.022224316879798083
-10.84586555,0.022474270111321148
-10.84277155,0.0203885402342821
-10.840206550000001,0.02475268932080818
-10.833530549999999,0.030317239886738675
-10.82937555,0.027027027027027018
-10.82567555,0.02251320809338199
-10.823185550000002,0.024199679999999998
-10.812948550000002,0.04121197204146062
-10.81063155,0.02030881531489405
-10.80961355,0.02296575999999999
-10.805147550000001,0.023854350264380694
-10.80485555,0.03602384340574588
-10.79105655,0.02303856273743116
-10.790407550000001,0.03367532764780225
-10.788821550000002,0.020874089490114458
-10.782449549999999,0.028728015992453
-10.78079055,0.021278002894724125
-10.766892550000001,0.02349312
-10.766467550000002,0.03403387664747472
-10.765181550000001,0.024022272708832004
-10.763816550000001,0.03599046714924251
-10.76217355,0.02456518646631178
-10.76029755,0.05929235599565267
-10.74546755,0.041764526685075805
-10.73712955,0.04337614606774698
-10.73350155,0.020357434319384863
-10.733088550000002,0.035265122317335376
-10.72975855,0.021670120140044293
-10.72948055,0.030781244833120926
-10.72923555,0.024047628707046933
-10.727613550000001,0.025049130763416475
-10.721486550000002,0.01778928624350451
-10.71791055,0.02293302355391764
-10.70529855,0.02145452290904582
-10.70422055,0.03684047368094736
-10.702470550000001,0.026348839049088253
-10.69950455,0.02931549384913571
-10.69925755,0.0212939453125
-10.68997555,0.02744579008647713
-10.685587550000001,0.02170124979971158
-10.678827550000001,0.026242297642311122
-10.670529550000001,0.0202392578125
-10.66594455,0.032465914780299386
-10.66458755,0.027083067186839734
-10.66209755,0.023289865469089323
-10.66035755,0.023359375
-10.65985555,0.022649885299770595
-10.65895755,0.028503217165982468
-10.652924550000002,0.03740439507152459
-10.646554550000001,0.035811015627117894
-10.645707550000001,0.02251953124999999
-10.645113550000001,0.0201055780140722
-10.639224550000002,0.025041341255739098
-10.63463555,0.029617103753807196
-10.632764550000001,0.023428606857213714
-10.63145655,0.023947122623955992
-10.63098355,0.022383410466358125
-10.62753855,0.02183331251637805
-10.62519855,0.032510065500871335
-10.622418549999999,0.022636602085124198
-10.61800455,0.024994066690399906
-10.61570155,0.03477461515012955
-10.60851555,0.026910912970583747
-10.60770055,0.026017719235020515
-10.60321255,0.02152592840086084
-10.60172655,0.02473581989556148
-10.59965355,0.020644458161336362
-10.590190549999999,0.04045337024366041
-10.589478549999999,0.023918350691472273
-10.58880955,0.021649586768863874
-10.58655255,0.02890617964812196
-10.584051550000002,0.02307858609880013
-10.57830455,0.032042864400118845
-10.57601055,0.022292430302375172
-10.57530155,0.06061593612514256
-10.57250155,0.029106423892794896
-10.57198855,0.024327864911964425
-10.56311555,0.022429044764923814
-10.55922455,0.04245624715373489
-10.55810555,0.02775433003828767
-10.55553555,0.022872381466764388
-10.55273855,0.021260600819567425
-10.54841955,0.023046875
-10.54805755,0.024181717725956398
-10.54050955,0.027354882479832004
-10.53562855,0.02618445921552804
-10.53310555,0.035779479844932065
-10.527115550000001,0.020993343573988733
-10.52629255,0.021261771829905827
-10.526130550000001,0.023169280692266092
-10.52563455,0.04227671346305844
-10.52536855,0.026863905325443787
-10.52216055,0.025520234873115485
-10.52046555,0.021708875739644973
-10.51852255,0.032584420439187564
-10.51323655,0.025586359006744993
-10.513111550000001,0.020312511197800327
-10.511708550000002,0.03229109888839336
-10.50733055,0.027906909871656012
-10.50717555,0.03563661791270906
-10.50551555,0.026193897607603555
-10.50422155,0.025077819842557532
-10.499705550000002,0.03385328720986481
-10.49842955,0.026486798301397663
-10.496311550000001,0.023650683126952458
-10.49529755,0.07125710791248709
-10.495274550000001,0.02238061363069447
-10.49173855,0.024902141593586506
-10.485939550000001,0.02209704142011834
-10.48543455,0.024984615384615386
-10.48537355,0.03967807176664372
-10.484672549999999,0.028860623604175246
-10.48361555,0.027254550188839707
-10.475550550000001,0.025021275799829792
-10.47211055,0.02778294170136823
-10.47092155,0.022584615384615373
-10.46866855,0.026895685763306466
-10.46689355,0.025189430804696898
-10.46446455,0.041591663597042944
-10.46389055,0.022968928045025306
-10.45876955,0.02545208942587985
-10.45862055,0.0312173760405022
-10.45831555,0.02232394896307726
-10.45452455,0.024674316483443873
-10.45434655,0.028355414204524063
-10.450467549999999,0.02226278745906884
-10.449913550000002,0.04028492283339928
-10.44856755,0.027246278324024712
-10.442347550000001,0.024104779807161764
-10.439214549999999,0.03545969825028978
-10.43921055,0.035125343025398166
-10.43740155,0.03557565933067641
-10.43701955,0.03456368976799522
-10.43077255,0.0299829506412857
-10.430213550000001,0.02595324225559027
-10.42557955,0.023477459434486595
-10.423456550000001,0.029795337340440747
-10.42016155,0.03414579901725707
-10.41806955,0.03301891150303489
-10.417961550000001,0.02684667300664777
-10.41441155,0.02665289256198347
-10.41406755,0.03304542450625285
-10.41362155,0.030070508711613538
-10.410914550000001,0.024845701963117195
-10.408830550000001,0.023457068173597318
-10.40575755,0.026240441635902143
-10.40538455,0.024371311805029505
-10.40235955,0.04011886406827064
-10.39971855,0.03479797979797979
-10.39506655,0.025009153059885193
-10.39328655,0.0438224715573664
-10.392218549999999,0.02285941165195644
-10.391650550000001,0.0338810059515169
-10.38913055,0.022784439292229022
-10.38894155,0.02332874196510559
-10.38846955,0.025440829539844705
-10.38590455,0.024921652110039348
-10.38403155,0.03637506591354445
-10.377335550000002,0.026367088256760374
-10.37219355,0.024662060404706056
-10.36965755,0.035631956179709795
-10.365290550000001,0.03503872463112668
-10.36351955,0.031442775530129086
-10.36345655,0.044711378044711377
-10.36303255,0.027724281450516152
-10.36198555,0.0333558474274605
-10.35889155,0.0758283534094264
-10.35872655,0.04079684885826041
-10.35589255,0.033478432924416296
-10.35179655,0.04317711343577086
-10.349952550000001,0.02881686379157766
-10.34741755,0.04214207185816833
-10.34657055,0.027717021047724902
-10.342782549999999,0.08529116701410533
-10.33900555,0.03564105820873856
-10.33513055,0.04170193807083985
-10.33244655,0.03457100359383228
-10.33171255,0.0325113918406439
-10.32938255,0.05511997882458176
-10.32802655,0.07917130764089995
-10.327415550000001,0.034998077281759965
-10.32734355,0.04169237189722746
-10.32597955,0.045489185658295836
-10.32005955,0.059556065145631276
-10.31899055,0.03061690989278926
-10.31762255,0.03539413421264112
-10.312049550000001,0.03233063256991342
-10.30415155,0.04098390046254795
-10.29929955,0.05681158368413412
-10.291497549999999,0.06793892437218757
-10.28771955,0.043386789094659595
-10.28372855,0.05013492141599967
-10.28180655,0.02716967140512815
-10.28010455,0.0369428902620458
-10.27838855,0.10647360213856094
-10.27743455,0.08317795546631288
-10.27192155,0.07740397398343465
-10.26481255,0.06458958936117776
-10.25359255,0.08906445366018775
-10.25312555,0.06642780558746113
-10.24708655,0.07762790434733449
-10.23223755,0.08761040394493712
-10.23179055,0.07305325987144168
-10.23165955,0.06221648214236815
-10.22538355,0.07099103955978585
-10.218790550000001,0.08875284653831365
-10.21126855,0.07939081514122436
-10.21029355,0.10130095789708173
-10.20646555,0.06920685171575552
-10.20413755,0.11063042993985296
-10.20138155,0.06730395499299265
-10.201013549999999,0.1360754902931512
-10.19308855,0.0756382267765649
-10.18902755,0.08952090616186417
-10.18877255,0.09495210514591224
-10.180311549999999,0.08922899869405626
-10.17877355,0.124679289848737
-10.17394155,0.16657808956916106
-10.17241355,0.10223125708616779
-10.17132855,0.14998950356422447
-10.16682155,0.10450625331766761
-10.164671550000001,0.10746616354875278
-10.16405355,0.22014952131664806
-10.15486255,0.15094675874359542
-10.15240455,0.21935213974786583
-10.15235655,0.2385618943563
-10.15231755,0.11822969382944444
-10.150556550000001,0.1164884562481095
-9.21327855,0.04725323700506662
-9.19882555,0.04308861215025147
-9.196640550000001,0.06187840120097577
-9.17602555,0.06010697421996755
-9.161298550000001,0.040198488042959155
-9.15614955,0.037891782317168256
-9.13428055,0.04643191929628029
-9.13105455,0.041811673606545384
-9.12164555,0.033082982014855745
-9.11352055,0.04025672983960209
-9.10337955,0.04958633158127896
-9.09993155,0.033772626092306614
-9.09211255,0.030414142487689085
-9.09174355,0.05531740813792098
-9.07852555,0.034042330137800086
-9.07798155,0.04898135097671494
-9.07369955,0.0338478138487521
-9.05745455,0.02619716012999569
-9.05727855,0.027239299051996544
-9.04887355,0.054438607322158654
-9.04032955,0.03357896104202831
-9.034770550000001,0.04585193747279641
-9.029342549999999,0.037352618891080415
-9.02655655,0.029231557735093006
-9.02463355,0.027917018571951543
-9.01546655,0.02508931447692625
-9.00689955,0.026162893683352825
-9.00170555,0.03196747240755842
-8.99779455,0.0270067211033326
-8.99471555,0.0786061801446417
-8.990909550000001,0.029247072978851398
-8.99077955,0.027492099971272617
-8.976798550000002,0.03140476874461362
-8.96647655,0.02171789715598966
-8.95844055,0.03917476186795159
-8.95291055,0.02712902887628277
-8.952256550000001,0.02511684946087279
-8.944784550000001,0.03293028042191921
-8.94036555,0.04584208363769173
-8.928856549999999,0.021790689064741537
-8.92407355,0.03481392557022809
-8.91153155,0.040641510175107816
-8.90584055,0.03452422232413508
-8.895811550000001,0.02532642439737035
-8.89363655,0.02067823732492435
-8.87108555,0.03437144415436281
-8.868760550000001,0.025763717251606515
-8.86837455,0.029022607745372592
-8.86116655,0.020807947987435158
-8.856588550000001,0.022083914339806592
-8.85356255,0.028602523552018495
-8.84384855,0.03164444444444443
-8.84090055,0.023673469387755094
-8.84015355,0.027814419885601287
-8.83597855,0.023335505996826263
-8.81656555,0.020561111111111106
-8.810919550000001,0.028344444444444436
-8.807705550000001,0.021396794011722335
-8.80047355,0.020277777777777777
-8.788876550000001,0.030716190869033256
-8.77345955,0.027607403865856157
-8.76841455,0.023713866292866516
-8.76013655,0.020329401081392355
-8.74453555,0.020534273160927017
-8.73740955,0.03483327536325668
-8.734278549999999,0.02651975275463585
-8.72969955,0.02514692338055348
-8.729687550000001,0.025819602969026648
-8.72828155,0.020979775183953886
-8.71205755,0.03914630393956433
-8.70800155,0.026760605153674618
-8.70104955,0.021992188878243668
-8.693042550000001,0.0268297697368421
-8.67604755,0.0267432046398892
-8.675392550000002,0.025677371883656503
-8.665241550000001,0.0315546406125761
-8.663230550000002,0.03694616865735547
-8.66080355,0.020889239958448748
-8.65610655,0.023026068261220094
-8.65487955,0.028111637507422696
-8.639225549999999,0.025567808936545228
-8.61801855,0.021003372432839288
-8.617575550000002,0.033018917972604485
-8.607621550000001,0.02333340360937763
-8.60732055,0.02216607513850415
-8.60704355,0.03285795262515003
-8.60162055,0.025442527596007656
-8.59815055,0.03602353096701697
-8.59552255,0.028568083051023374
-8.58249355,0.031972086355203225
-8.57133555,0.023881235362469697
-8.56947955,0.027895602266419482
-8.56553255,0.03356080994489298
-8.56374955,0.021314799783902848
-8.54550055,0.01875881071382801
-8.54491255,0.027259814601221743
-8.53848555,0.02068025835020984
-8.53484955,0.021881214727223857
-8.52524655,0.026376975523926215
-8.51400455,0.02369406867845993
-8.51056155,0.02915267861973725
-8.50774155,0.017964795410426882
-8.50690855,0.020453543027604586
-8.50029055,0.023711523758653544
-8.49335355,0.01931347251544296
-8.49131055,0.02518302070569013
-8.48499455,0.023799606988764994
-8.48313355,0.02591067740630718
-8.46532355,0.017386636794324253
-8.46383555,0.03557571176618794
-8.461492550000001,0.02215496738764303
-8.45700955,0.02859111444014396
-8.43649455,0.021455732707660737
-8.43401355,0.019094693028095733
-8.42611955,0.029991576265614717
-8.41367155,0.027364193273560787
-8.40927755,0.020057764300013655
-8.401728550000001,0.024079552925706772
-8.40027155,0.023714037081291967
-8.39372155,0.020578209821992176
-8.38834555,0.021562018589551393
-8.38390255,0.018818019868219404
-8.35972755,0.033203750995130316
-8.35966655,0.020638894215488233
-8.35323155,0.024360960397223297
-8.35110955,0.025513366058069552
-8.34303555,0.019391259105098847
-8.33356655,0.03128038771811089
-8.329665550000001,0.019924670048688867
-8.32906955,0.025260770975056687
-8.30802155,0.029727372307192974
-8.30371055,0.03114569232044324
-8.30367155,0.02425921262486359
-8.29987755,0.02388439579013571
-8.29345355,0.02344619216282701
-8.26656255,0.023701673866764496
-8.26041155,0.019485755698231067
-8.25347455,0.01815622590088572
-8.24230155,0.02091988282007573
-8.23905255,0.021946603108476195
-8.23777355,0.028646250600865227
-8.228498550000001,0.024988662131519266
-8.21806155,0.023525683471217043
-8.203901550000001,0.032862720000000005
-8.20191555,0.018591861704427805
-8.18714955,0.022852566307327942
-8.18514055,0.019508091651978848
-8.17643155,0.0251497302994606
-8.169990550000001,0.021052055448855092
-8.159639550000001,0.025125132772587357
-8.14728255,0.020853373384133553
-8.121283550000001,0.027981685770191726
-8.115532550000001,0.019428341917266074
-8.11293555,0.02195161031885915
-8.09902855,0.03945011927767986
-8.09758355,0.02341761578600839
-8.095414550000001,0.025017233528943424
-8.09392955,0.02824003663784131
-8.08867455,0.01882338801754702
-8.07806655,0.025741989943136877
-8.055776550000001,0.021221470669672875
-8.054933550000001,0.020462253767884818
-8.04762455,0.026999899157850796
-8.03876155,0.021783329924168676
-8.02376055,0.019931640624999993
-8.01029855,0.0208514230292007
-8.00387055,0.030501330967169473
-8.00332655,0.028374676902897255
-7.9944805500000005,0.02218376299501232
-7.97603255,0.02057433448821343
-7.97224055,0.020503925865508393
-7.939689550000001,0.016160972842798712
-7.92909355,0.02343068561953051
-7.92750455,0.020190015498703806
-7.895807550000001,0.018628067367779305
-7.88302255,0.03969237832874196
-7.868065550000001,0.03130052383108063
-7.8638385500000005,0.017823423976075684
-7.8595555500000005,0.02548679077611805
-7.85930355,0.018324260355029584
-7.84868155,0.020803969897445873
-7.84012855,0.019686942296252223
-7.81924555,0.0210698224852071
-7.81453355,0.019425834619293154
-7.808012550000001,0.022505859022895255
-7.802178550000001,0.049415757338847406
-7.78456555,0.021648200475907188
-7.77989055,0.017688840814854872
-7.77462955,0.018915976331360947
-7.75196555,0.031115626594498853
-7.74651855,0.017880038441969583
-7.72817055,0.019209467455621295
-7.726913550000001,0.07452249770431589
-7.72384755,0.018033914107569486
-7.71703455,0.016718106995884767
-7.69952255,0.016373252528256985
-7.66969655,0.019179423693424857
-7.65961955,0.025032179625634088
-7.65529255,0.03292190574736006
-7.65340855,0.02654713323461221
-7.6141685500000005,0.032142849018015375
-7.60624955,0.018316812421467495
-7.58283455,0.01876116384812683
-7.58142955,0.023755739210284663
-7.55790655,0.024930862736338908
-7.51407455,0.01756201075997851
-7.50839455,0.02483849409668077
-7.499070550000001,0.016023342536483912
-7.46344555,0.020643837666968978
-7.44495555,0.03190020049008687
-7.42347055,0.020542202661787544
-7.4188595500000005,0.014044501242953677
-7.4054265500000005,0.01623352826597311
-7.400872550000001,0.015549965199670977
-7.316030550000001,0.01670239706444056
-7.220298550000001,0.02061751732829237
-7.21675055,0.01675315680110821
-7.205608550000001,0.020494336596611977
-7.197284550000001,0.019167453946837318
-7.19376655,0.017284464806330693
-7.18111955,0.01598593425329
-7.11074255,0.015227893299726947
-7.08719355,0.014964582846069028
-7.07466955,0.017926400850434766
-7.051053550000001,0.019187034589206987
-7.035525550000001,0.0123588625524134
-7.0151385500000005,0.015829128938487747
-7.00200955,0.014871515391729422
-7.00126755,0.011966708936405902
-6.95799255,0.012637194455376272
-4.76232055,0.014817554028603123
-4.75753155,0.012435859282706125
-4.74875955,0.016879001487421583
-4.73851855,0.014046969268261517
-4.73411555,0.013481637392945275
-4.7235115500000004,0.012266435986159167
-4.68650855,0.01448821364241522
-4.682451550000001,0.02292879456322169
-4.66598455,0.024328822125756135
-4.66431955,0.014574657941701362
-4.659144550000001,0.014940743632120525
-4.6463275500000005,0.01939267808154384
-4.64419055,0.012800097458253926
-4.64012755,0.02318984345767962
-4.630392550000001,0.020782518627418225
-4.62420555,0.01462546997860332
-4.622213550000001,0.015603595175248083
-4.620739550000001,0.01572384507618276
-4.618439550000001,0.018099506211151774
-4.6076745500000005,0.013894310225979783
-4.59776055,0.015347497996812504
-4.5965675500000005,0.016834289795613282
-4.5896665500000005,0.015469945537772728
-4.5874235500000005,0.015743944636678196
-4.58697855,0.015785559762033524
-4.58227555,0.014602783762525214
-4.56312455,0.022545922851350052
-4.54326555,0.016382728046714416
-4.5386425500000005,0.015033051069087101
-4.53043555,0.016209608843537417
-4.53006055,0.022284873956892114
-4.502183550000001,0.021840676682237076
-4.49205555,0.030668580334422244
-4.48383955,0.01464901844140392
-4.476563550000001,0.014175301802263942
-4.47326855,0.016386388898849007
-4.464508550000001,0.016205018543887187
-4.457538550000001,0.014534883720930232
-4.44559055,0.02098299308363126
-4.43656055,0.011847620335316389
-4.4262175500000005,0.019741049257115333
-4.423892550000001,0.024776854416743613
-4.41932255,0.014896193771626293
-4.403350550000001,0.013013977360496306
-4.40165055,0.016141528925619833
-4.395388550000001,0.013093877551020407
-4.38206455,0.014013840830449823
-4.37463155,0.01266516622511606
-4.36892455,0.015302883490928527
-4.36043555,0.020287189760346803
-4.347153550000001,0.017306652244456457
-4.3319845500000005,0.014565711400075749
-4.33115455,0.014697343591232393
-4.32955555,0.020269863520265555
-4.3168615500000005,0.016193410594867123
-4.31479955,0.023859106324745635
-4.311601550000001,0.013816216955644466
-4.29723055,0.013811259955651153
-4.295556550000001,0.014500985666076379
-4.2790795500000005,0.012179930795847747
-4.26554455,0.0175096610923019
-4.25441455,0.018317197766236856
-4.25127755,0.012780246583581139
-4.24119955,0.012277551020408162
-4.240720550000001,0.018529961720260973
-4.22946355,0.01241061355021469
-4.22221355,0.01574747546077255
-4.218226550000001,0.015196919565520798
-4.21218155,0.013575025826446282
-4.209438550000001,0.017165694291744575
-4.1927515500000005,0.01289808786463165
-4.18103955,0.01734224654719963
-4.180590550000001,0.011635342873041049
-4.17809555,0.015192693250167066
-4.17795555,0.014087065662571008
-4.16622155,0.012880940082644619
-4.166115550000001,0.011410337799458714
-4.16124655,0.014517287370472963
-4.1537235500000005,0.0137093043075949
-4.15018255,0.01654776060245738
-4.13369355,0.014202668780552251
-4.133022550000001,0.010706081931153156
-4.125092550000001,0.013148498214660784
-4.124546550000001,0.010192078561725444
-4.12072955,0.01609310433884297
-4.11651155,0.019684825536735437
-4.115116550000001,0.013476833733114505
-4.109302550000001,0.010593136282483635
-4.0960465500000005,0.011907370881729856
-4.093251550000001,0.013016971494480138
-4.09218255,0.011791518034086401
-4.08611855,0.01710874908231989
-4.082291550000001,0.01521392870873839
-4.07833355,0.012930056710775045
-4.07609255,0.012482455630393071
-4.07336555,0.013773181397427298
-4.05859055,0.013216603569497021
-4.05784455,0.014052679895487601
-4.05290355,0.013648969227170968
-4.047971550000001,0.011409544249463445
-4.03525355,0.013008691186029904
-4.02776355,0.013714900207850152
-4.02463955,0.011934185438881433
-4.01580955,0.010788629177161058
-4.0140775500000005,0.011265306122448982
-4.00714855,0.012671965271792901
-4.00504355,0.011640547510414597
-4.002279550000001,0.013508429944256344
-4.000035550000001,0.01239183673469387
-3.9910625500000005,0.01135552006676885
-3.99025255,0.017159805098509992
-3.9899205500000003,0.010804321728691474
-3.9883835500000004,0.011692574372637612
-3.9769745500000004,0.011751636580043641
-3.97504655,0.014715145443920802
-3.9710215500000006,0.013394652763548329
-3.9681025500000002,0.012159177675060133
-3.9679015500000006,0.012553263109498282
-3.9566245500000004,0.01095510204081632
-3.9421505500000005,0.011552194917034233
-3.9399705500000004,0.01206366269521335
-3.9375165500000002,0.010573159954551187
-3.93660455,0.011543209876543203
-3.9287085500000005,0.012471161977323661
-3.9270135500000003,0.012654958677685943
-3.92205255,0.012017264027021957
-3.9192725500000005,0.011534144612476366
-3.91366255,0.010777383788145653
-3.9115835500000005,0.01422850676917397
-3.9092975500000002,0.011028120910338664
-3.9040245500000004,0.012638024570099982
-3.89694455,0.012797275773054315
-3.89382455,0.011809301647470478
-3.8900415500000003,0.012073863636363638
-3.8801475500000002,0.01065650222897892
-3.8774995500000005,0.01162424284863975
-3.8723215500000006,0.01384194159004867
-3.8702815500000005,0.011415997164461249
-3.8657505500000005,0.010804321728691476
-3.8598275500000003,0.010625146179290989
-3.85354755,0.011444666009729905
-3.8530095500000003,0.013586559532505472
-3.83898155,0.01153520907053308
-3.8355005500000003,0.011794917734181374
-3.8351645500000004,0.012209135305946564
-3.82768055,0.013401242863188523
-3.8232795500000005,0.011278654497725955
-3.8184865500000003,0.011743750754739763
-3.8169965500000003,0.011816132777815722
-3.8061035500000004,0.012169036882876625
-3.8016715500000005,0.011983091622460517
-3.7946945500000004,0.010153021694214873
-3.79391455,0.013165900486749593
-3.7877865500000003,0.012947530864197527
-3.7736065500000002,0.011702608471074375
-3.76810655,0.013145436182300215
-3.7651885500000004,0.011835626814796111
-3.76485955,0.01143127499160587
-3.7576895500000003,0.012577580051628491
-3.7567125500000005,0.011313629412315467
-3.7528395500000005,0.010421332377795694
-3.7428845500000003,0.011059022503920327
-3.73597355,0.013373873576134137
-3.7352035500000005,0.015821633540972165
-3.7314845500000002,0.010810498323505606
-3.7245945500000004,0.01131820658220854
-3.7243845500000003,0.013634642090645122
-3.72132955,0.011460302457466915
-3.71374655,0.010462962962962962
-3.71231955,0.014189107595700998
-3.7080545500000004,0.01291169378224107
-3.7002605500000003,0.009947470112305274
-3.6973245500000003,0.013075237399561715
-3.6908195500000005,0.011302218638956068
-3.68818655,0.0171840675222569
-3.6789965500000004,0.010624475643890739
-3.6740335500000003,0.011141974345369992
-3.6669135500000003,0.01076884547958928
-3.6667425500000004,0.011209239130434786
-3.6599125500000005,0.012063662695213357
-3.6587955500000002,0.010928638941398863
-3.6485705500000005,0.011596273142389396
-3.64124155,0.011924185468162641
-3.6408355500000003,0.01139517896274653
-3.6392615500000005,0.010847210982337088
-3.6360275500000006,0.011989011317148907
-3.6347935500000004,0.010906361418652656
-3.6273755500000004,0.014494276599737285
-3.62146655,0.012024996843832849
-3.6129805500000005,0.012317352976693636
-3.6084225500000002,0.011148297399236543
-3.6042885500000006,0.011671983486582842
-3.6022285500000004,0.011253914168016799
-3.5983275500000005,0.011967999999999994
-3.5971135500000004,0.014512227895726953
-3.5860785500000003,0.010772965869521636
-3.5816745500000002,0.011676524167596238
-3.5816685500000003,0.01291039733800248
-3.5813135500000004,0.01131261814744801
-3.5711015500000003,0.011128454156549887
-3.56652855,0.010025119717080649
-3.5646425500000003,0.011117604090577063
-3.5559755500000003,0.010861589206704398
-3.5536815500000003,0.011979547114682243
-3.54764755,0.011747953008187963
-3.5472805500000004,0.010850694444444444
-3.54598555,0.011497443389335282
-3.5424765500000004,0.014122986758322867
-3.5326375500000005,0.012526501239212872
-3.53045555,0.013735454146870885
-3.5304065500000004,0.011624581772427006
-3.5229725500000004,0.010475985418259842
-3.5221365500000004,0.011410106093968943
-3.52150955,0.01158191030212047
-3.51327455,0.012010637993651516
-3.5065995500000002,0.010964835945168852
-3.50029855,0.014390041840421607
-3.4988135500000004,0.011553293348127333
-3.49863755,0.011793735440459084
-3.48676355,0.01058897199023422
-3.4866645500000004,0.01142105527963257
-3.4852215500000003,0.011515391579900405
-3.4747335500000003,0.01319865135275897
-3.4709305500000003,0.011728655959425188
-3.46965755,0.010920895116810244
-3.4614265500000005,0.013743360820054968
-3.4604665500000005,0.011330789686668978
-3.4598075500000003,0.011306629892562389
-3.45605355,0.011195630415510877
-3.4512015500000004,0.010309428150042503
-3.4493205500000004,0.01039780443639656
-3.4423565500000004,0.011135396975425328
-3.4387675500000006,0.010218666666666666
-3.43840855,0.011149392653524756
-3.43758955,0.015170579656266968
-3.4371335500000004,0.01214834204718708
-3.4303925500000005,0.010327071072883656
-3.41471355,0.011530266020239219
-3.4143145500000003,0.011706555671175857
-3.4124665500000004,0.011004175980564796
-3.4070425500000003,0.013950027900055798
-3.4050775500000006,0.01224282600256801
-3.39707455,0.009817790855590765
-3.39679455,0.015776725197478598
-3.39635655,0.012119113573407201
-3.39348455,0.012357196065190304
-3.3894255500000003,0.01186419744116942
-3.3877295500000004,0.012183869631868413
-3.38272055,0.01117865355280832
-3.3826545500000003,0.012614192583861018
-3.3800565500000004,0.017160256542735303
-3.3796155500000005,0.011631813219114806
-3.3734705500000004,0.010884478185310527
-3.3685015500000004,0.01199637845178814
-3.35957155,0.010853447135567145
-3.3587125500000004,0.01136692677204523
-3.35538455,0.01080346699021367
-3.3507375500000003,0.013965456518770349
-3.3451245500000004,0.010749979003947256
-3.3411795500000006,0.013007284079084285
-3.3411285500000005,0.010429170050816146
-3.3381335500000002,0.010783829129566071
-3.3353125500000003,0.010649379128861599
-3.3242795500000004,0.010834976988823143
-3.3227535500000003,0.01074463319158937
-3.3223025500000003,0.013093738786595274
-3.3205455500000003,0.011785551289967514
-3.3181515500000005,0.014472767696951359
-3.31537155,0.011219429920728623
-3.30641855,0.010731613716729252
-3.30337555,0.010933680518652353
-3.30304555,0.011953777777777777
-3.29833055,0.010360888888888888
-3.2925935500000003,0.011731301939058171
-3.2911835500000004,0.016920033319450224
-3.2895525500000002,0.01067091023070935
-3.2835405500000006,0.01254611545138889
-3.28234955,0.010723177908555905
-3.2756215500000003,0.010037461751837338
-3.2714915500000004,0.01064458106257886
-3.2704615500000003,0.012849777777777778
-3.2625865500000004,0.011129342411035791
-3.2554695500000004,0.011114392332680068
-3.2532675500000003,0.01334249707575287
-3.2480655500000006,0.011770031688546855
-3.24153555,0.011359778180172026
-3.2332665500000006,0.011559920916913506
-3.2316155500000003,0.010811676331966502
-3.2281375500000005,0.014473287464707657
-3.2194445500000004,0.010587296681497025
-3.21925755,0.012618832050701675
-3.2187865500000004,0.010800828993516847
-3.2139995500000005,0.011895915849177511
-3.2089855500000004,0.01056455976706434
-3.2045725500000004,0.0118006902680472
-3.20343655,0.012282913454715796
-3.2002485500000004,0.01161121460382322
-3.2001875500000003,0.012525379621950869
-3.1945235500000004,0.014777074913234647
-3.1905825500000002,0.010922583909596892
-3.19027055,0.010304709141274238
-3.1894615500000003,0.010858666666666668
-3.1893315500000003,0.01158168663673539
-3.1847915500000004,0.012979359118445217
-3.1815045500000005,0.01191164082678344
-3.1790435500000003,0.010456656554538377
-3.1753295500000003,0.010700287522364786
-3.15901955,0.01110883486099087
-3.15825155,0.011704245630713483
-3.15732755,0.01231533638006164
-3.1548095500000004,0.014714982302418253
-3.1508315500000004,0.011143828162036204
-3.1476315500000003,0.010459115259580978
-3.1410845500000004,0.010811676331966502
-3.14035855,0.013682393259295518
-3.1360725500000006,0.01362566429663423
-3.1285055500000003,0.012094284410319737
-3.1255225500000003,0.011631813219114804
-3.1254335500000003,0.013849999999999996
-3.1208915500000005,0.012373673749335118
-3.11330155,0.01105059002379183
-3.1084615500000004,0.011153133417377942
-3.1019765500000003,0.0108938983756768
-3.0994985500000003,0.01075072886297376
-3.0951515500000006,0.013385594311593517
-3.0931745500000005,0.011121961805555554
-3.0917695500000004,0.010516451478550603
-3.0898255500000005,0.014475310862697129
-3.0842895500000003,0.011244039481688372
-3.0823925500000002,0.010395120307161596
-3.0796985500000003,0.011705177938944175
-3.0775055500000006,0.010506245890861273
-3.07142155,0.011042910974710834
-3.0700285500000004,0.011936818711696173
-3.0681775500000006,0.012136953955135773
-3.0679875500000002,0.010725543711712188
-3.0613905500000005,0.01049042065805914
-3.0577685500000005,0.011191711200214543
-3.05669855,0.012049284877208659
-3.0447875500000006,0.010754359044085749
-3.04289755,0.011492179649050475
-3.0413095500000003,0.010800828993516844
-3.03884955,0.013823579018384213
-3.0335715500000004,0.01382333326858704
-3.02898155,0.011780404366795089
-3.0239975500000003,0.010854965598530738
-3.02159855,0.010534221652454852
-3.0185995500000002,0.012321751923947487
-3.01139055,0.01179721543203316
-3.0112255500000003,0.012052341597796137
-3.00958155,0.011502782931354354
-3.0084365500000003,0.014988766518397657
-3.0019275500000004,0.011060890496529979
-2.9997555500000006,0.011842105263157892
-2.9936675500000005,0.011030527913644794
-2.9913305500000003,0.012145489504887037
-2.9848015500000002,0.014682744510295333
-2.98479355,0.012073161586758377
-2.9811415500000003,0.010992683147569288
-2.9784165500000004,0.010904947916666663
-2.9756515500000003,0.010190664036817882
-2.9719925500000004,0.013990919293949595
-2.9674015500000004,0.011960052618862248
-2.96395855,0.010602021204042406
-2.96317655,0.010876750195300761
-2.9631755500000003,0.011117120365362658
-2.9556645500000003,0.01286094068232144
-2.95179755,0.011790299710584075
-2.9478605500000006,0.012000322156299497
-2.9468395500000004,0.011427188466846762
-2.94521455,0.011199212141107546
-2.94375155,0.013187429854096516
-2.9420855500000003,0.011851584773885116
-2.9365705500000003,0.01092530083228117
-2.9318965500000003,0.012487771968291449
-2.9261485500000006,0.011758704931676018
-2.9224995500000004,0.010474374500760131
-2.92004455,0.011036955736285612
-2.9189945500000003,0.010565863715277776
-2.9152245500000005,0.014635780360225718
-2.9101025500000004,0.0108444961373504
-2.90687855,0.011013344210710332
-2.89857355,0.013205441598469548
-2.8969705500000003,0.010703149516922729
-2.8962825500000005,0.010468700180678072
-2.89356755,0.011759440104166666
-2.8893105500000003,0.011491174369962248
-2.8831745500000006,0.01115718206037297
-2.8828805500000003,0.013331261452000337
-2.8757105500000004,0.01487599254975002
-2.8732285500000003,0.012118909910793058
-2.87278855,0.011912049790837667
-2.8714365500000003,0.011440474282967471
-2.86201155,0.011162932479804905
-2.86191655,0.010302532566819568
-2.85993455,0.014337445922127864
-2.8561605500000002,0.010456526102467474
-2.8556295500000006,0.01439099178025715
-2.8519435500000005,0.010937014690624563
-2.84873755,0.010440634513699726
-2.84838855,0.010956233933582329
-2.8469375500000003,0.010840684451057497
-2.84108655,0.016174884815214195
-2.8403105500000003,0.011716875836468773
-2.83785355,0.011255752794214332
-2.83754755,0.011026293469041557
-2.8268175500000003,0.010338086845056878
-2.82043055,0.011796982167352534
-2.81784355,0.014054688297112532
-2.8152985500000005,0.012632001502113965
-2.81507955,0.010562499999999999
-2.8127755500000005,0.010370370370370368
-2.8122885500000003,0.010920395366138801
-2.8004045500000005,0.011016984270753784
-2.79645455,0.01065800424172461
-2.79403355,0.01256515775034293
-2.7936225500000003,0.011388943524798708
-2.7850035500000003,0.01002344816923909
-2.7809545500000006,0.015524749413795766
-2.7802295500000005,0.01138894352479871
-2.7786295500000002,0.0112866527800032
-2.7762775500000005,0.010239580318824694
-2.77513655,0.013038212785694036
-2.76920255,0.01438584452504656
-2.7618085500000005,0.013922674809792453
-2.75942855,0.010959319209110882
-2.7592285500000004,0.01144167536217816
-2.75425055,0.011418715786459786
-2.7499785500000002,0.011361778115004478
-2.7493415500000005,0.010876750195300761
-2.74658755,0.013298437666064408
-2.7465075500000005,0.013921642273519323
-2.7443165500000006,0.011858459859525786
-2.74134555,0.009868844855574736
-2.73609755,0.011856142174698646
-2.7264665500000005,0.0115792879848232
-2.7262075500000003,0.011207583085678766
-2.7213725500000003,0.011126352690138695
-2.7189555500000004,0.011212241129138637
-2.71315155,0.013722730471498945
-2.7124895500000004,0.010604479603970008
-2.7045685500000003,0.011362499999999994
-2.6989805500000004,0.013846709408540086
-2.69591255,0.011386745107306544
-2.6958075500000005,0.01124971591626474
-2.6932405500000005,0.010212418300653591
-2.6901085500000006,0.01197884954334241
-2.6900335500000003,0.011112499999999999
-2.68567655,0.011110830534582459
-2.6803355500000006,0.011334648257725179
-2.6780355500000006,0.010668973471741637
-2.67505855,0.012543252595155707
-2.6723595500000004,0.011417408818461986
-2.66973355,0.011819014380832157
-2.6646345500000006,0.011102144939608495
-2.6600675500000004,0.011268464440073888
-2.65822355,0.011681326177640674
-2.6560815500000006,0.014491374182034495
-2.6558835500000004,0.010725812322550899
-2.6528865500000003,0.01405984944068482
-2.65199855,0.011274805504940887
-2.6464505500000004,0.01003023231471162
-2.6437545500000006,0.011338185002125514
-2.64371355,0.013068983441003934
-2.62769355,0.010803093396787623
-2.62644255,0.01051335900868605
-2.6248455500000003,0.012248850736186416
-2.6186635500000004,0.013766874727826974
-2.6155085500000004,0.011053193110806275
-2.61431255,0.011797190315980617
-2.6115505500000005,0.011030283608396084
-2.6037205500000002,0.010639551324347253
-2.60286555,0.012675279430976918
-2.6016795500000005,0.01051610375557366
-2.6016605500000005,0.011124999999999994
-2.60045355,0.012180178413880988
-2.5979465500000005,0.011624033313503864
-2.5855765500000003,0.01216582820218972
-2.5837815500000003,0.010817910144725232
-2.5829245500000004,0.014776861958862401
-2.5824575500000004,0.01278641243390482
-2.57043355,0.011854305031653327
-2.5697305500000005,0.011370217954580089
-2.56785655,0.010795181939850004
-2.5674045500000005,0.016534962480908424
-2.56427955,0.011560873377653122
-2.5616435500000003,0.01100221893491124
-2.56067655,0.01091688268507287
-2.5503405500000005,0.011530830477466569
-2.54451155,0.012970615243342512
-2.5437525500000002,0.01077943615257048
-2.5435815500000003,0.011734745727249358
-2.5429975500000004,0.01157750342935528
-2.5423745500000003,0.013036242603550293
-2.5367695500000003,0.012909376690973744
-2.52829555,0.013765615704937532
-2.52486455,0.01127480550494089
-2.5246845500000004,0.011655757993707242
-2.5212855500000004,0.0109915694539751
-2.5157165500000005,0.010810745225557522
-2.5134575500000005,0.011175125743026974
-2.51052555,0.015713949374883032
-2.5074965500000004,0.013106448282282315
-2.5060475500000003,0.011548515234018918
-2.5053355500000003,0.011114106460150965
-2.50232255,0.011016076855210272
-2.4948555500000005,0.012230894806652381
-2.49220955,0.010853691740303458
-2.4912035500000003,0.012582521174976217
-2.4837825500000004,0.0116427361381647
-2.4832255500000002,0.011854206605353195
-2.4830895500000003,0.01285859260909383
-2.4777915500000005,0.012162780064014632
-2.4748745500000005,0.011555440906612572
-2.4712165500000003,0.012095654150147723
-2.46861955,0.011603230492404998
-2.4672495500000005,0.013430105966032804
-2.46402555,0.010957763236168946
-2.4636525500000004,0.011748209114464257
-2.4594465500000005,0.014083506491200028
-2.4503425500000002,0.011476816608996538
-2.4497485500000002,0.012792863444760319
-2.4495835500000003,0.011064343687285772
-2.4490385500000005,0.012337499999999998
-2.44555055,0.010851399922162951
-2.44400055,0.010202636553392975
-2.4407905500000004,0.011659726353361093
-2.43765855,0.011220640718312299
-2.4322345500000004,0.010431549309246118
-2.43186055,0.010722933241093047
-2.42669455,0.014639388103761567
-2.42080155,0.010814345354861424
-2.4169485500000003,0.010577655845145554
-2.41466955,0.014855243572192893
-2.41285555,0.014122287968441808
-2.40731155,0.013004027090299098
-2.4060095500000003,0.01112552864282968
-2.4058455500000004,0.011603180473372778
-2.4003275500000005,0.011520297520457605
-2.3985345500000004,0.012501178244886413
-2.3921235500000004,0.010976299898632467
-2.38220255,0.012830023750783539
-2.3810035500000004,0.012861392028554429
-2.3789005500000004,0.011332871972318338
-2.3768855500000003,0.010434265318262937
-2.37327155,0.015635901013666013
-2.3725765500000002,0.01344663013560263
-2.3714105500000002,0.011475
-2.36243755,0.011895479248867021
-2.36213955,0.015600724633432803
-2.3583815500000003,0.010802183152898416
-2.35400555,0.010706535709375237
-2.3530315500000003,0.010643054144287994
-2.3489915500000005,0.012271427040018957
-2.34532555,0.01046359954659634
-2.3428585500000003,0.010885236447520182
-2.33969655,0.013361161758584499
-2.3387155500000003,0.0115144749933267
-2.3253935500000003,0.011376067814037454
-2.32271455,0.011409875074360499
-2.3200735500000005,0.012117869066627958
-2.3160065500000004,0.011462585034013604
-2.3156655500000003,0.011601266817906155
-2.3140705500000003,0.010807374443738077
-2.3115575500000003,0.013372042386413121
-2.3005675500000002,0.012866385648465834
-2.29965855,0.011180226184124897
-2.29551855,0.01186492600622113
-2.2945135500000005,0.010335083659665359
-2.2926865500000004,0.011503857512419587
-2.2908995500000002,0.012494331065759636
-2.2895085500000003,0.01550267697798929
-2.2881725500000005,0.011439105073104213
-2.2799075500000003,0.011099773242630385
-2.2699815500000002,0.013037536643963938
-2.26869455,0.010817245484188187
-2.26552955,0.012871377738061272
-2.26483055,0.011226867014883716
-2.2591385500000003,0.011191951644202636
-2.2566345500000002,0.011256441610621013
-2.25506755,0.011572537258762386
-2.2482635500000003,0.011143783985623936
-2.2436485500000005,0.010873918735540793
-2.24125355,0.013539453523276807
-2.2400505500000003,0.011625578497686005
-2.2322825500000003,0.01118772447443776
-2.2317305500000004,0.013083880140599516
-2.23100155,0.014313843862311763
-2.2276575500000004,0.011727228173352934
-2.2200125500000003,0.010748380302648746
-2.21701555,0.010963718820861676
-2.2115595500000005,0.011101081413908335
-2.2036675500000005,0.010645034500829764
-2.2034035500000004,0.013749999999999998
-2.1978185500000005,0.011466100101958861
-2.1926825500000002,0.012517006802721086
-2.1872695500000003,0.012614180078294906
-2.1838415500000004,0.010588912116016654
-2.1830275500000003,0.01337059848524058
-2.1785685500000005,0.014927708755987007
-2.17460755,0.011764442879577931
-2.1686335500000005,0.010873918735540791
-2.1672225500000004,0.010490833036667849
-2.1625525500000005,0.011261450072375074
-2.1611095500000004,0.011500190921138338
-2.1541545500000003,0.011610539335807139
-2.15365455,0.014670623543416658
-2.15088755,0.012268834373639135
-2.1475245500000004,0.011578941648871717
-2.1434645500000005,0.01145470805019338
-2.14260155,0.013718820861678005
-2.1397855500000005,0.011206245278267439
-2.1385085500000005,0.011039734058084942
-2.1319695500000004,0.011492826151962584
-2.1273475500000005,0.010394620358916331
-2.1262355500000005,0.010921320266272188
-2.12374155,0.01660364074692382
-2.1164305500000005,0.013538902137693057
-2.11633955,0.011304978951952387
-2.1120395500000004,0.012100773656020627
-2.1077395500000002,0.01192383825054199
-2.1040555500000004,0.01276298619537098
-2.1026255500000004,0.011010418031339536
-2.10146455,0.011120451814196488
-2.08850755,0.011439909297052152
-2.0846645500000003,0.011676406824394381
-2.0829135500000002,0.010816736921714962
-2.0826835500000005,0.012490988045537613
-2.07499255,0.010153725216176081
-2.0723485500000005,0.012931695072004222
-2.0708985500000003,0.013222041273714577
-2.06340255,0.010612973616345963
-2.05875755,0.011645359971015993
-2.0532535500000004,0.012551552899587575
-2.0526815500000004,0.010351541373715521
-2.0518745500000004,0.01145019675820005
-2.0494185500000004,0.015932936722552735
-2.0441695500000003,0.010267269013115435
-2.03986955,0.010723181026692232
-2.0354765500000003,0.011307280301527476
-2.02552155,0.011071430567431774
-2.02453355,0.011321799307958475
-2.02359055,0.01318543677817209
-2.0222105500000005,0.012040816326530611
-2.0123505500000003,0.013420470389371289
-2.0118965500000003,0.011327589163237312
-2.0097745500000004,0.01169863269145336
-2.00815855,0.012159487227825429
-2.0039215500000003,0.013480691802370121
-1.9986795500000003,0.01262218744736227
-1.9982425500000005,0.010912147612351533
-1.9854035500000005,0.013926012443565951
-1.9835585500000001,0.012637073327075846
-1.98351055,0.010738168724279835
-1.9755355500000005,0.012134045197318241
-1.9637495500000002,0.012322341244836518
-1.9631765500000005,0.017317951561414933
-1.9600715500000003,0.01339636649489038
-1.9584215500000002,0.011300996947658832
-1.9584045500000005,0.014170772844702391
-1.9531305500000005,0.011855585894653319
-1.9522195500000001,0.011108707409410492
-1.9434995500000003,0.015225260932752012
-1.9399165500000004,0.010790016888722088
-1.9377625500000004,0.012945816186556923
-1.9359465500000002,0.011230135114285085
-1.9351515500000005,0.011797355330199799
-1.92786355,0.012063888544958308
-1.9134665500000003,0.011700680272108844
-1.9121535500000002,0.011573099907415202
-1.9120245500000004,0.015019343473016727
-1.9071365500000002,0.01156411166129339
-1.9054075500000005,0.012622591675027127
-1.8978775500000005,0.01179472548059065
-1.8969785500000005,0.013910322359396439
-1.8923305500000005,0.011240586603250096
-1.8863345500000004,0.010673601273069535
-1.8861655500000003,0.013607355327203894
-1.8799805500000004,0.01226428615302717
-1.8755825500000003,0.012189683365541845
-1.8710345500000005,0.013755636386278604
-1.8666955500000002,0.012025502903795976
-1.8596895500000001,0.012315472656170022
-1.8589645500000005,0.011995370395063173
-1.8549205500000001,0.012018590937941484
-1.8488525500000002,0.012945816186556927
-1.8436095500000005,0.011898323418063819
-1.8338895500000003,0.019318518518518516
-1.82562755,0.012752447493045082
-1.8249475500000005,0.012745358015357616
-1.8236435500000003,0.01706594941723483
-1.8155345500000002,0.011039638833613565
-1.8138135500000003,0.013421026449318996
-1.8094585500000004,0.011642561983471071
-1.8090015500000005,0.011551651218604936
-1.79509555,0.013132514202668779
-1.7883275500000004,0.011970593278463643
-1.7869815500000001,0.011514328942684225
-1.7850075500000004,0.016721919893246593
-1.7840045500000001,0.014670051800741178
-1.7752025500000004,0.0108219682221357
-1.7737755500000003,0.010758310040419067
-1.7727915500000004,0.015785557722857883
-1.7718745500000002,0.01756829642507422
-1.7715895500000003,0.01386088841644455
-1.7577895500000005,0.01213383587912451
-1.7529685500000003,0.014340740740740739
-1.7511285500000002,0.013345104731348341
-1.7449855500000004,0.015921767793384483
-1.7404745500000005,0.015142498181577724
-1.7304095500000005,0.01269711136824736
-1.7273765500000002,0.013708084690692094
-1.7270235500000002,0.017105819647488644
-1.7261895500000004,0.013681598377571345
-1.7216985500000002,0.016149269875608434
-1.7157765500000002,0.015252900531247362
-1.7130465500000005,0.011244233892518198
-1.7055225500000004,0.013738457443541286
-1.7026915500000004,0.012705611345067125
-1.6995595500000005,0.012562248323026248
-1.6993365500000004,0.01289874589681003
-1.6888185500000001,0.014793868460127518
-1.6848775500000004,0.016698174258212774
-1.6812865500000003,0.016100560019478932
-1.6810695500000001,0.013783509724890314
-1.6708395500000002,0.01926219706632653
-1.6700475500000005,0.012291236629761677
-1.6690445500000002,0.013032083700169938
-1.6663455500000004,0.01584588469504715
-1.6647005500000005,0.019127177846982573
-1.6538735500000001,0.015884877655468754
-1.6534165500000002,0.014253760799964908
-1.6463635500000002,0.02586143882578249
-1.6426735500000005,0.018468373982189503
-1.6422395500000002,0.014090085738437383
-1.6332185500000005,0.017487622971371818
-1.6302645500000001,0.014004938271604933
-1.6289875500000002,0.01576559546313799
-1.6277145500000003,0.01886578449905482
-1.6236615500000005,0.020118091064037006
-1.6159405500000004,0.01838024691358024
-1.6145695500000001,0.01813979097325906
-1.6058355500000001,0.013488195934856707
-1.6039985500000005,0.014974433893352807
-1.6022655500000003,0.016853037072817288
-1.6012955500000001,0.016767704814352035
-1.5921525500000002,0.01666162370226338
-1.5916325500000004,0.018771266540642716
-1.5879185500000004,0.018892396790605073
-1.5835885500000004,0.02202248086734693
-1.5802315500000002,0.02897456206598021
-1.5794865500000004,0.012397192784894123
-1.5779325500000003,0.01889382716049382
-1.5715455500000002,0.017594158759133137
-1.5686555500000003,0.014054320987654318
-1.5645255500000004,0.01692131706228848
-1.5642485500000003,0.01840085420567012
-1.5593745500000002,0.017493082767300716
-1.5564285500000001,0.017334593572778823
-1.5438225500000002,0.019480151228733453
-1.5421145500000004,0.014402435199325379
-1.5416195500000005,0.016237715342814193
-1.5372875500000003,0.015783702677746994
-1.5327535500000002,0.015091930665808998
-1.5305155500000005,0.02095882139838183
-1.5267205500000003,0.026858386708920157
-1.52042855,0.018215249679205115
-1.5179705500000003,0.017135802469135798
-1.5162425500000003,0.018026453856324776
-1.5083805500000005,0.02464674586678362
-1.5063155500000005,0.016127410565263723
-1.5046515500000002,0.022088184086388452
-1.5019025500000005,0.015594522310925209
-1.5008095500000005,0.017992182534320264
-1.4853155500000002,0.016076437837299038
-1.4833435500000003,0.013380151921541326
-1.4826915500000002,0.015591408857312495
-1.4769915500000002,0.017378826530612245
-1.4768035500000005,0.020424243287244688
-1.4750355500000003,0.014907541242419555
-1.4711495500000003,0.0143804608959646
-1.4653085500000005,0.017264197530864188
-1.4623555500000003,0.02163092611338393
-1.4563285500000003,0.021817504012074863
-1.4542955500000003,0.018037190082644625
-1.4542175500000005,0.016848491403680412
-1.4540135500000004,0.01654305263611509
-1.4453175500000004,0.014184744302607872
-1.4446405500000004,0.01989135355364418
-1.4442385500000001,0.013483863873194075
-1.4371385500000002,0.0182320987654321
-1.4370115500000002,0.01612502375626799
-1.4355155500000003,0.01593086419753086
-1.4336155500000003,0.03375833410246606
-1.4295605500000002,0.014053781088246429
-1.4240505500000005,0.014836235931369382
-1.4187635500000004,0.015644377104726513
-1.4149765500000004,0.019245829743911032
-1.4047705500000003,0.019671687604084543
-1.4039005500000004,0.014848771266540635
-1.3993065500000004,0.01612303234395802
-1.3966685500000002,0.016596818248159964
-1.3924215500000003,0.015469773633820296
-1.3916815500000004,0.01887119113573407
-1.3851815500000004,0.016553086419753085
-1.3845635500000002,0.014775308641975305
-1.3842655500000003,0.02707014540348651
-1.3821465500000003,0.015720012612044497
-1.3813005500000002,0.01937797265160523
-1.3753605500000003,0.015922655937148412
-1.37105055,0.025245242037422774
-1.3680155500000004,0.01457475994513031
-1.3666665500000001,0.014172839506172836
-1.3624715500000004,0.018610870920388496
-1.3535005500000001,0.016505078485687906
-1.3508375500000005,0.021682419659735344
-1.3476655500000003,0.017098129473564115
-1.3465525500000002,0.018601877500769467
-1.3434795500000005,0.016542952942536708
-1.3434695500000005,0.014200015943877549
-1.3351605500000003,0.014703578980343013
-1.3348735500000002,0.014419808946611939
-1.3342685500000004,0.016841279736170035
-1.3293305500000003,0.016153140943877545
-1.3245365500000004,0.015360282559335523
-1.3218685500000005,0.016720968524941312
-1.3179725500000004,0.021787920137891405
-1.3179535500000004,0.015708884688090733
-1.3141145500000002,0.014331602463470594
-1.3121125500000002,0.01596035687231714
-1.3077425500000004,0.014677506559987298
-1.3077275500000005,0.014349489795918364
-1.3039725500000001,0.016661352040816323
-1.3005995500000003,0.025441091455659606
-1.2972525500000005,0.02028663460179622
-1.2945375500000003,0.016512287334593565
-1.2928945500000002,0.01421597604927442
-1.2835065500000002,0.021578517947538994
-1.2789445500000003,0.014558035964514464
-1.2735815500000003,0.016089560961355824
-1.2716655500000003,0.015987627424598628
-1.2678255500000004,0.018171268581112194
-1.2663925500000004,0.016245423557631603
-1.2661865500000005,0.015451359607203756
-1.2600785500000002,0.018766152400344578
-1.2596435500000003,0.017066666666666664
-1.2585435500000002,0.014495833836493173
-1.2580355500000002,0.013908282409701257
-1.2538795500000002,0.018741677293067506
-1.2487365500000003,0.013606083303158214
-1.2443805500000003,0.014098464033151655
-1.2433515500000003,0.014420718147178442
-1.2422145500000004,0.02027161611588954
-1.2413685500000002,0.015102686829007832
-1.2399675500000003,0.016384297520661156
-1.2334655500000005,0.015560344005644433
-1.2326335500000005,0.018571310225185052
-1.2296445500000002,0.016718556527676575
-1.2281165500000002,0.0194238243474737
-1.2272095500000004,0.016049149338374286
-1.2270475500000004,0.014235165119296712
-1.2162035500000004,0.016915112637501194
-1.2137195500000004,0.015746011132696927
-1.2133715500000002,0.016191706823281346
-1.2100315500000005,0.01474701123052771
-1.2045465500000003,0.014961089102937924
-1.2018565500000005,0.015258501744988226
-1.1991125500000002,0.016771228618828772
-1.1980215500000004,0.01583914167123502
-1.18963155,0.01432150159332461
-1.1846815500000005,0.015225838719606028
-1.1840725500000002,0.017397970075103335
-1.1831015500000004,0.015287900960375671
-1.1825635500000002,0.015905563387301175
-1.1796955500000004,0.014342458180626932
-1.1780485500000002,0.01488957631764429
-1.1751805500000003,0.01522141727581879
-1.1641735500000001,0.016240504346464082
-1.1630755500000003,0.014527410207939503
-1.1600195500000003,0.01436079468635847
-1.1592055500000003,0.01754650128693164
-1.1569965500000001,0.014369419642857137
-1.1566305500000005,0.01731358024691357
-1.1525435500000003,0.015976415020238877
-1.1514135500000005,0.018302137423016538
-1.1509515500000003,0.020462065503949623
-1.1506405500000003,0.01633059571891155
-1.1447505500000004,0.01587162356426862
-1.1431825500000001,0.013824931126706744
-1.1306515500000005,0.014291358024691352
-1.1275175500000003,0.013881138392857139
-1.1225415500000002,0.013834675867042871
-1.1184035500000005,0.013641481727471316
-1.1166795500000002,0.015025493424888861
-1.1134575500000001,0.015190123456790114
-1.1099825500000002,0.01738585637089826
-1.1083705500000005,0.01835548002702647
-1.1070945500000002,0.015240846786905763
-1.1047485500000005,0.013885384928874997
-1.0952245500000002,0.014019852930427025
-1.0949785500000004,0.015432619328723219
-1.0905055500000005,0.015159893976087404
-1.0882655500000005,0.014233690970318735
-1.0842605500000002,0.01453612435147906
-1.0834275500000001,0.01777777777777777
-1.0799095500000004,0.014073949138884203
-1.0797975500000003,0.014475607879347485
-1.0783655500000005,0.016934824613555284
-1.0769925500000004,0.015596005087466891
-1.0655955500000003,0.013798055463913527
-1.0647905500000001,0.013625924474580971
-1.0622735500000005,0.014982716049382706
-1.0611715500000005,0.015505420918367345
-1.0606915500000005,0.013477871367155633
-1.0556895500000003,0.017948960302457462
-1.0543085500000005,0.015497745404092954
-1.0496825500000004,0.015939804729228565
-1.0492955500000005,0.016583093334113022
-1.0491925500000003,0.014101888637323721
-1.0400065500000002,0.01388385970307687
-1.0368765500000001,0.015442792470115829
-1.0345165500000002,0.01582230623818525
-1.0325675500000004,0.01564746185596148
-1.0293415500000003,0.014495833836493171
-1.0237135500000005,0.016130697489196214
-1.0223285500000001,0.01566293366747591
-1.0197655500000002,0.019233992022944794
-1.0193265500000002,0.014925521202771809
-1.0171285500000002,0.015337024375743155
-1.0120565500000005,0.019347826086956517
-1.0113415500000005,0.013789643946684135
-1.0088275500000004,0.014316374195177369
-1.0043565500000002,0.014696296296296292
-1.0039415500000004,0.02083291439602647
-1.0007205500000005,0.015585422961086722
-0.9993255500000005,0.014506801680775077
-0.9959235500000001,0.014257031811232477
-0.9931215500000001,0.016354085545210586
-0.9910965500000004,0.01685744016649323
-0.9866885500000002,0.014408091857869645
-0.9854225500000005,0.014575384120579503
-0.9788925500000003,0.013924198024413437
-0.9785395500000003,0.015903867215820565
-0.9748195500000003,0.015040029617289086
-0.9747105500000002,0.01495085576739174
-0.9740795500000003,0.019255924899969225
-0.9701025500000005,0.01595097699155972
-0.9654975500000003,0.013956217297630033
-0.9644795500000005,0.020117080429164384
-0.9619165500000002,0.015254586683158104
-0.9616575500000004,0.01517958412098298
-0.9543735500000001,0.014999926254049877
-0.9520995500000002,0.016228733459357273
-0.9489105500000004,0.016001890359168235
-0.9439115500000002,0.015230044680594124
-0.9432255500000002,0.014940980112208168
-0.9421425500000002,0.018742911153119088
-0.9375985500000001,0.015273930440135428
-0.9366965500000002,0.013066943972595646
-0.9345545500000001,0.015140824927060884
-0.9307805500000002,0.01387906116314024
-0.9273895500000005,0.019650655021834055
-0.9257495500000004,0.016477717459916674
-0.9223965500000002,0.017934059049259925
-0.9212295500000005,0.016943701299650595
-0.9107065500000004,0.014254317712797275
-0.9095875500000004,0.01308891123240448
-0.9094355500000004,0.01733029827778624
-0.9091735500000002,0.014225588822546428
-0.9051315500000001,0.01449372513155437
-0.9003415500000003,0.015697137580794083
-0.8949255500000004,0.019586894586894582
-0.8910795500000002,0.014283159627491524
-0.8889505500000001,0.020661625708884683
-0.8869425500000001,0.014205592967067086
-0.8863835500000001,0.015169899955654964
-0.8847945500000005,0.01634653742279528
-0.8801915500000002,0.015063754576442366
-0.8801595500000001,0.015801029406471576
-0.8789155500000003,0.021626561072190065
-0.8778665500000002,0.013516942863025435
-0.8696275500000001,0.015760569020422947
-0.8677265500000004,0.015009451795841207
-0.8631505500000003,0.01465230513740326
-0.8619735500000001,0.014857440390692322
-0.8594745500000003,0.01389850723299476
-0.8548025500000005,0.022057043587224285
-0.8496665500000002,0.017338162064282476
-0.8467725500000003,0.015511231508203004
-0.8421795500000004,0.019377774503122183
-0.8390715500000003,0.015441230184819922
-0.8390255500000001,0.0137523629489603
-0.8374595500000002,0.01709401709401709
-0.8367285500000001,0.020379460965285947
-0.8265405500000003,0.014108042954196794
-0.8252845500000001,0.018354891810224254
-0.8251875500000003,0.014453185595567864
-0.8235865500000004,0.01479487946231506
-0.8152615500000002,0.01669952616447315
-0.8146845500000004,0.015068755807493563
-0.8140365500000004,0.01520565860487391
-0.8131835500000002,0.012952296088852108
-0.8058725500000001,0.014263648671840733
-0.8057165500000005,0.01780103768014027
-0.8015585500000002,0.014690701899107912
-0.7965125500000001,0.014909705707491078
-0.7945715500000001,0.018429629629629622
-0.7906255500000001,0.0152295063013065
-0.7884935500000001,0.017377310776637324
-0.7849985500000005,0.014458124847735229
-0.7838965500000001,0.013478637676024299
-0.7835295500000004,0.014846469818932005
-0.7832715500000003,0.01633672881030174
-0.7775615500000002,0.015467077883472057
-0.7721795500000002,0.01437072935656775
-0.7704135500000002,0.01543600054112301
-0.7670815500000003,0.016378451788139424
-0.7600915500000003,0.015344365968539575
-0.7597585500000004,0.015242979945535981
-0.7519585500000003,0.013065094230546878
-0.7492665500000002,0.013408669252825096
-0.7486445500000003,0.014751483382818635
-0.7454825500000002,0.017685440347747935
-0.7429565500000002,0.013828124999999995
-0.7377695500000003,0.014990548204158786
-0.7365455500000002,0.015368620037807179
-0.7325415500000001,0.018969233055885854
-0.7314375500000003,0.013372566772295154
-0.7259015500000001,0.0183666408393394
-0.7243285500000005,0.014396172412320047
-0.7233075500000004,0.015296054933315912
-0.7204035500000003,0.015595463137996216
-0.7169105500000001,0.014674002923179373
-0.7120945500000002,0.018083080181833234
-0.7115405500000005,0.015481440443213295
-0.7101745500000005,0.013402124374326505
-0.7067455500000004,0.01615412005022394
-0.7066635500000005,0.013852263558133973
-0.7059285500000003,0.014127009560433692
-0.7002095500000003,0.022835866358127115
-0.6971105500000001,0.017861724409779397
-0.6931995500000001,0.014101516052318661
-0.6903195500000003,0.012211448740314004
-0.6890575500000002,0.018410666475959743
-0.6844635500000003,0.016523313716613846
-0.6767115500000003,0.021321864270582226
-0.6732615500000003,0.015317638750452556
-0.6726915500000001,0.015769961282781794
-0.6679665500000005,0.015268065811754493
-0.6630745500000002,0.013598875510169518
-0.6604285500000002,0.014158404382546964
-0.6592485500000005,0.018574604786330766
-0.6578165500000002,0.016108220603537976
-0.6548895500000005,0.016034223609665856
-0.6545045500000004,0.0169754022270011
-0.6501405500000002,0.013980807029714416
-0.6477795500000001,0.013598913535536439
-0.6457845500000001,0.01708868077234362
-0.6422175500000002,0.016277423920736014
-0.6395495500000004,0.014647184763709664
-0.6359305500000003,0.014578911354117173
-0.6345795500000002,0.015171646078713004
-0.6277305500000003,0.014723423952714127
-0.6261075500000004,0.013788365650969522
-0.6214705500000002,0.016630181484358447
-0.6173385500000004,0.01445637273229005
-0.6172815500000004,0.013003141208269411
-0.6124705500000003,0.015201351999688792
-0.6077965500000007,0.015288548324706656
-0.6043435500000003,0.01348774804039262
-0.6030975500000002,0.014792250745210359
-0.6030565500000007,0.01368348692033293
-0.59838155,0.01762245044527434
-0.5964235499999999,0.014791666666666661
-0.5933205500000005,0.019558179641339726
-0.58963755,0.013356412926375199
-0.5841355500000001,0.022308238985558414
-0.5820345500000004,0.015701307095662167
-0.5815205500000005,0.01500922068164743
-0.5730935500000003,0.013453230137696733
-0.5724615499999999,0.01384779678226921
-0.5681205500000006,0.01256921077462657
-0.5659325500000003,0.02599722907696541
-0.5633955500000001,0.013067706386084846
-0.5621405500000005,0.015780070103336492
-0.5606885500000001,0.0135939140525705
-0.5505745500000003,0.012796731760299284
-0.54986655,0.013558711197253971
-0.5461955500000002,0.013114482590295537
-0.5445415499999999,0.012598107926220263
-0.54092655,0.02582237705922515
-0.5391365500000003,0.01743490891567141
-0.5379175500000004,0.014220394039968927
-0.5325675500000004,0.01387930995622991
-0.53068955,0.013557232437028372
-0.5261535500000001,0.017062707435915536
-0.5237645500000001,0.017749634323601823
-0.52021155,0.013051242100103284
-0.5152085500000005,0.014833274000237328
-0.5135375500000006,0.012732490168987132
-0.5101515500000007,0.017356919875130068
-0.5073605500000005,0.01496014454245934
-0.4987585500000007,0.016073971729195457
-0.4965855500000007,0.014486791197633091
-0.4928535500000004,0.01587772019822089
-0.4923365500000001,0.013258244474260293
-0.4868245500000006,0.01972056309305626
-0.48311355000000056,0.015296441491867681
-0.47923455000000015,0.014142703574307977
-0.4772425500000006,0.015656420568802065
-0.47585355000000007,0.01709219151228634
-0.4671315500000004,0.016833203869783205
-0.4668485499999999,0.014481670468379853
-0.46640555000000017,0.01974613374761669
-0.46462555000000005,0.012669899597022057
-0.46098955000000075,0.015494791666666664
-0.45982955000000025,0.013341120375172696
-0.45425555000000006,0.01300178570681788
-0.45153555,0.012144156546536208
-0.44778555000000075,0.020335734493715858
-0.44638255000000004,0.013126511690405797
-0.4438555500000003,0.01189074290572855
-0.4363685500000001,0.018404420591766116
-0.42914855000000074,0.013284925174974184
-0.4257585500000003,0.01578248684792763
-0.4247325499999999,0.021222272521502942
-0.42416555000000056,0.03858409257720994
-0.4191635500000004,0.012830513262694531
-0.41265655000000034,0.0163822936932904
-0.4092905500000006,0.015325518944837796
-0.40824255000000065,0.012426400255074924
-0.4075765499999999,0.01535165709834205
-0.4029415500000004,0.013342013888888886
-0.3928945500000003,0.013454861111111107
-0.39036954999999995,0.01674493326742461
-0.38936855000000037,0.03378604340071342
-0.3864085500000005,0.014313986068652826
-0.3790305500000004,0.016141112267164345
-0.37756655000000006,0.019730045700924636
-0.3764745500000002,0.015530018441363294
-0.3739025500000004,0.01406400943455405
-0.3725945500000005,0.019391235785452564
-0.37027155,0.01518568895163651
-0.3664265499999999,0.014629922542425912
-0.36565455000000036,0.01354166666666666
-0.3611065500000006,0.018119430682235944
-0.3582705500000003,0.01980662101119541
-0.3561575500000007,0.014550805543726201
-0.3521085500000005,0.01389954257211818
-0.34298655,0.02785820210437116
-0.34231555000000036,0.026050347222222214
-0.3379305500000003,0.01591518960525386
-0.3375495500000003,0.014390582243041874
-0.3266045499999999,0.015594615278457345
-0.32652755000000067,0.01679518502080213
-0.3206635499999999,0.01583413600882144
-0.3161985500000002,0.016283086927805716
-0.3129975500000004,0.014861395093639216
-0.31286455000000046,0.01580322382350932
-0.3094575500000003,0.013437499999999995
-0.30796955000000015,0.015943287156087862
-0.30411255000000015,0.013251709009284763
-0.30025455,0.013327470850046246
-0.2971515500000006,0.012248558932560924
-0.28964955000000003,0.01726532202069467
-0.2891035500000001,0.01478756102720662
-0.28226055000000017,0.013336481580645017
-0.2771265500000002,0.01898700086182131
-0.2725775500000003,0.012728029987505203
-0.27024455000000014,0.02526715101017799
-0.26961055000000034,0.01985091453090372
-0.26834055000000046,0.015725369327239874
-0.26765855000000016,0.01309378933677928
-0.2547915500000002,0.013384132417742918
-0.24730955000000066,0.020589596139863824
-0.2455715500000002,0.015681891310606443
-0.24231654999999996,0.015392623438429499
-0.23991255000000056,0.01691101756423283
-0.2399065500000006,0.026387501328515243
-0.2373725499999999,0.023421226439059088
-0.23282755000000055,0.018434224670787425
-0.22585854999999988,0.014267364724245578
-0.21721655000000073,0.013834024488190265
-0.2162955499999999,0.01877767574737272
-0.21615955000000042,0.01332340117161722
-0.20492955000000013,0.015559085950365228
-0.2018935500000003,0.02289297481135083
-0.19589555000000036,0.01796631113423517
-0.19231855000000042,0.026012294873748922
-0.1868855500000004,0.02586010665972945
-0.18464755000000022,0.015754024908557533
-0.1840635500000003,0.01816945040895605
-0.18380054999999995,0.013237885112934708
-0.17774055000000022,0.012454102423233958
-0.16354354999999998,0.02067727712304741
-0.16330555000000047,0.014948614138897533
-0.16294655000000002,0.013575999999999994
-0.16064255000000038,0.014591999999999994
-0.1597685499999999,0.015444781364241782
-0.14920855,0.013127999999999999
-0.1487235500000006,0.016144490713199813
-0.13840355000000049,0.014691772364569707
-0.11569855000000029,0.01450324831618316
-0.11270255000000073,0.013783999999999994
-0.1124735500000007,0.01469177236456971
-0.10897354999999997,0.023820361098467604
-0.08458055000000009,0.01655466823117094
-0.08202855000000042,0.014851545760636669
-0.0642705500000007,0.01543627185866233
-0.06145855000000022,0.014587107126581155
-0.0469235500000007,0.014608647874042632
-0.04438655000000047,0.018817037634075263
-0.04288455000000013,0.016817805165552095
-0.015573550000000047,0.013231413789009694
-0.011397549999999868,0.014571318723567856
0.6395474499999994,0.025867562003725125
0.6487944499999996,0.018722755677488184
0.6531014499999994,0.026311229920051478
0.6538034499999998,0.019707437204373637
0.6565534499999996,0.023587740384615377
0.6969094499999997,0.022870721021756885
0.7035754499999998,0.026721536351165986
0.71481745,0.02183444132810119
0.7229044499999997,0.017764205901465876
0.7349154499999999,0.018625815071824838
0.7396664499999996,0.025976613200200425
0.7597274499999997,0.025324999999999997
0.7609594499999996,0.01784804290324929
0.7631064499999995,0.022686378010652732
0.7792544499999998,0.02581632653061224
0.8036724499999996,0.017945816648980758
0.8138004499999996,0.02774534207483439
0.8244634499999997,0.017945816648980765
0.8247854499999994,0.01870950520517363
0.8349484499999997,0.018902863320854103
0.8466414499999999,0.02342160650528525
0.8548554499999996,0.018429506246281976
0.8550164499999999,0.019791213571117877
0.8658354499999996,0.016245960345881733
0.8678434499999996,0.02276498074093182
0.8849254499999999,0.020984651128018443
0.8888154500000001,0.015529267602978602
0.89786345,0.014732179930795846
0.91304345,0.02254608796632312
0.9132314499999996,0.018851918182675086
0.9271774499999994,0.019891833423472144
0.9325014499999993,0.01936522307730999
0.9485214499999994,0.02060604611402371
0.9494264499999998,0.0167995240928019
0.9670814499999993,0.015847890402698475
0.9681334499999998,0.016785055376577648
0.9735444499999995,0.01660905199056798
0.97801545,0.016542495833741788
0.97894345,0.013690168684441046
0.9837284500000001,0.01810454636007461
1.0053744499999997,0.01804035418783568
1.0098254500000001,0.013314196363975822
1.0119044499999994,0.014184318262726946
1.0126294499999995,0.01920767655033389
1.0274244499999998,0.0160241574643479
1.02919845,0.015728424454680857
1.0323654499999995,0.016265653258853964
1.0364594499999997,0.014650962367135877
1.0522874499999997,0.014480861686390529
1.05573345,0.025414246896478233
1.0580924499999993,0.013549218272338192
1.0615404499999999,0.018993235957259092
1.07166345,0.023087841395572444
1.0847014499999998,0.018560380725758475
1.0890214499999997,0.014128164237101589
1.0892694499999998,0.01396095943859969
1.0917414499999998,0.01560141489282927
1.0997734499999998,0.02338465646137415
1.1013644499999993,0.012489475976193931
1.10521445,0.0148428020173789
1.1111974499999997,0.013501390761731201
1.1120974499999994,0.016991981312189753
1.1313204499999996,0.014599307958477508
1.1372814499999997,0.016391348526636665
1.1373554499999994,0.01844051189304274
1.1406814499999998,0.01505698182072663
1.14732345,0.016699984277082722
1.1524664499999995,0.016131801256208524
1.1536924499999994,0.018427761689067103
1.1545204499999997,0.01592907014927783
1.15782045,0.015552913198573121
1.15806245,0.023074600850986265
1.1747624499999993,0.014826755372776414
1.1830374499999996,0.019868996888819872
1.1838494499999994,0.014476314548190738
1.1841184499999997,0.01721908624352789
1.1897044499999998,0.013182006920415225
1.1927074499999994,0.01361919788563519
1.19494145,0.013217955651703622
1.2058064499999999,0.015567402193353229
1.20775245,0.015246488830238476
1.2125724499999997,0.01490846893491124
1.2177484499999993,0.015486316568047333
1.22194645,0.01597735260109022
1.2225614499999997,0.014279991649787575
1.24228045,0.015693535233309085
1.2449674499999999,0.014923572223837125
1.24784045,0.013560136256441608
1.26019245,0.013104498269896191
1.2617414499999997,0.012741726028439312
1.2715884499999994,0.014657585576054132
1.2761894499999995,0.014354066985645933
1.2774564499999999,0.01288304498269896
1.2779444499999997,0.025181479963262945
1.28189245,0.014145275500338119
1.29621445,0.014608857052947103
1.3042384499999997,0.020283523780027273
1.3059204499999995,0.02147859341081343
1.3075334499999993,0.014811535610089122
1.3084554499999994,0.013176411777810378
1.3112024499999997,0.0179465870038858
1.31606545,0.013784655728654482
1.31994745,0.015629977277071074
1.3242994499999998,0.015989703225167694
1.3257964499999995,0.0159001615165792
1.3301824499999997,0.013891457100591715
1.33903645,0.012395889670091937
1.3445414499999995,0.023484583806445972
1.3495854499999993,0.01402951298301567
1.35506745,0.014226133286749933
1.3596524499999996,0.01291179231244706
1.3637014499999998,0.016880990351433946
1.3701484499999994,0.014714077503429353
1.37663445,0.01286126460951636
1.37868645,0.013910545523643453
1.3917324500000001,0.01289755917159763
1.3953304499999994,0.012864528521068036
1.40763645,0.01473180559053135
1.4092644499999993,0.01727705589177643
1.4093604499999994,0.01634726623409285
1.4107224499999997,0.01575648403667611
1.41641745,0.01315217142464687
1.4217194499999994,0.013850174689335526
1.4312124499999994,0.013599065816965053
1.4327514499999996,0.0145396508509343
1.43748245,0.015918305136412132
1.4387314499999997,0.014423076923076919
1.4424474499999995,0.015081823224852069
1.4439214499999995,0.014421768707482992
1.4502434499999994,0.01400138408304498
1.4579664499999998,0.013782777287211579
1.4679604499999996,0.014161856202690861
1.4706624499999998,0.013705993012631012
1.4721394499999993,0.011772895722855796
1.4752344499999994,0.014426684570725733
1.4769844499999998,0.0145282412082983
1.4857884499999994,0.01805403585556771
1.4887594499999999,0.014081632653061223
1.4908264499999992,0.012411640398493969
1.4939674499999995,0.013071557142774984
1.49655745,0.016492733564013838
1.49707745,0.01296021867423508
1.5003864499999997,0.015578050543085503
1.5033354499999998,0.01492887582738187
1.51910745,0.015931601320610805
1.51934245,0.013138572445710216
1.5231384499999994,0.014632780228243363
1.5263854499999994,0.015624642292987795
1.5304644499999993,0.012850396810161847
1.53560945,0.011998864529653241
1.5357074499999994,0.017059365243368294
1.5382364499999994,0.012137399974770879
1.5537684499999997,0.012836638889512812
1.5540254499999993,0.01772681085788939
1.5601094499999997,0.013292733564013842
1.56091845,0.013934948096885811
1.5628604499999996,0.020002303528237415
1.5694624499999996,0.013891457100591715
1.5731464499999994,0.013947978982944014
1.57453545,0.016641564275333594
1.5760874499999993,0.013096366425964422
1.5817724499999999,0.013572089891423276
1.5962144499999997,0.012662265537334603
1.6004534499999998,0.01376614094693555
1.6007754499999995,0.013101580924098173
1.60395645,0.020670167319330718
1.6053104499999993,0.013712804484529755
1.60672045,0.015494661437196607
1.6087314499999996,0.01238688422219949
1.6165384499999993,0.013657333886014821
1.6215914499999995,0.013911564625850338
1.6249954500000001,0.014408885302299898
1.63426545,0.014889021137781303
1.63697245,0.018029688462273562
1.6430204499999999,0.013623139162012354
1.6456984499999994,0.014299505570993496
1.6492454499999996,0.013060697757208969
1.64966145,0.012649074403702382
1.6549844499999997,0.015996421244234654
1.65607345,0.01390983032130646
1.65612945,0.0136986301369863
1.6566784499999994,0.015602866319705682
1.6619834499999993,0.015671493751239832
1.6741164499999996,0.014374176618361609
1.6773054499999995,0.012498947900008411
1.68189045,0.013970516400059644
1.68689045,0.014466435986159166
1.6913724499999994,0.012977966392318244
1.69414145,0.017339102217414824
1.6958864499999997,0.015185613854595334
1.7015474499999996,0.014131060879301896
1.70330445,0.014375113119690227
1.7049614499999999,0.018294430117481098
1.7098344499999998,0.01430328808823836
1.7099224499999996,0.018444679672460218
1.7109784499999998,0.014267171444023794
1.71416945,0.013711734693877549
1.7175714499999994,0.015130730329026839
1.72382845,0.012942264499933938
1.7312224499999997,0.01751602137548371
1.7387774499999997,0.01705486397382917
1.7411294499999999,0.013811983471074376
1.7472024499999996,0.015312996440708637
1.7478034499999993,0.013304593429463355
1.7506844499999996,0.018289072958946925
1.7524464499999999,0.018782937705508755
1.7567724499999997,0.03179807079081632
1.7594134499999994,0.01830208586965343
1.7594164499999998,0.01704536609917964
1.7614604499999995,0.01589193283676303
1.7701154499999996,0.014872904272579769
1.7706414499999994,0.01761097485101372
1.77605345,0.017566355997581364
1.7808264499999993,0.014132812334090762
1.7823874499999999,0.014817841198979588
1.7826694499999993,0.013899605624142658
1.7932754499999994,0.013386180472981896
1.7954474499999993,0.013970885682626968
1.79624645,0.015144552455498044
1.8000954499999997,0.014787946428571426
1.80085345,0.014094104921579228
1.8064174499999996,0.0148314606741573
1.8127024499999997,0.015990270708526638
1.8153124499999995,0.015465869876273042
1.8159874499999997,0.016436900915651847
1.8169774499999995,0.014688297193877547
1.82072945,0.015014806474174231
1.8283364500000001,0.016932205529604845
1.8312884499999997,0.02053404756107458
1.8373174499999996,0.013578120009006697
1.8391014499999994,0.015437778996005949
1.84056145,0.024553709162193075
1.8461874499999995,0.020522600942181356
1.85248845,0.016417119050624915
1.85455345,0.02496387821946616
1.8564454499999998,0.015881833101881078
1.8593134499999993,0.024241388324719972
1.8640134499999998,0.029367611184087063
1.87167845,0.01799754670313097
1.8728764499999997,0.014749085376534585
1.8745064499999993,0.016399408184860825
1.8792494499999997,0.019463849844289203
1.8792634499999998,0.020436813533644738
1.8882724499999997,0.017487569479794938
1.8943474499999997,0.02007143985447059
1.8985634499999993,0.02841996173469387
1.9007374499999994,0.020842165791948693
1.9084534499999997,0.016066546788883525
1.91435845,0.02389576317644294
1.9165854499999995,0.017066666666666664
1.9182194499999996,0.019705928420393135
1.91909245,0.027443399234693865
1.9210474499999997,0.01652821613432647
1.9258844499999999,0.01575811678860447
1.92837645,0.01689189189189189
1.93228445,0.019385633270321355
1.93650945,0.018436220380756468
1.9440924499999994,0.027602838010204075
1.9460624499999994,0.018679459664183815
1.9466784499999994,0.01886223330451044
1.9505614499999995,0.021797530864197525
1.9545574499999994,0.018843757883910024
1.9558864499999995,0.025357494082937686
1.9602064499999994,0.01986260164179393
1.9628744499999993,0.01791322314049586
1.9651444499999995,0.01958700640019321
1.9686094499999998,0.01708014755688103
1.97707545,0.016514913657770795
1.97757645,0.0186878377320072
1.9777324499999995,0.02236652236652236
1.98248945,0.01941523054957871
1.9854294499999998,0.01715952075798693
1.99474645,0.028190771359930596
1.9967594499999999,0.03864831202272716
2.0027184499999997,0.01664142219387755
2.00479745,0.01722633997534221
2.0068224499999996,0.024154974489795915
2.0110354499999996,0.023883810100148315
2.01249245,0.028785502529486088
2.0128274499999996,0.02166656014473872
2.0193914499999996,0.018475033476294894
2.0209644499999992,0.019586776859504128
2.0302254499999997,0.028580617809160425
2.03104745,0.02242426594733062
2.0320414499999995,0.019893974218561192
2.0322144499999997,0.016566406176795785
2.03684845,0.02519985508996498
2.04007645,0.019673788467986925
2.0417624499999993,0.021971606362225355
2.0465114499999997,0.017179528061224487
2.0510604499999996,0.022910276536650155
2.0517444499999993,0.016820353073645464
2.05431745,0.01846687478321193
2.0555074499999995,0.019794552169898425
2.0572034499999994,0.014548668097462436
2.07039845,0.01838024691358024
2.07369745,0.017128614531211932
2.0743804499999996,0.02783518139283198
2.0748444499999996,0.014937288396429667
2.07706545,0.023015559746404877
2.0828244499999995,0.02511090689418712
2.0836754499999994,0.023908437028333184
2.0869994499999995,0.020810503724277233
2.0870744499999994,0.01614521910047404
2.0878114499999993,0.030970994062112858
2.0988864499999993,0.020765006752273888
2.09921545,0.019872304915678547
2.09931145,0.02464346620190775
2.1061244499999994,0.025732339834903934
2.1088964499999996,0.027785002972651584
2.11572445,0.023223062381852545
2.1167634499999997,0.019891711463447762
2.12552145,0.01984805734641268
2.12628945,0.01978077931997035
2.12695745,0.02340762198600205
2.12741545,0.017970907183735167
2.1401254499999993,0.018846880907372392
2.1445054499999996,0.016587901701323248
2.14539045,0.01729742784687839
2.14588145,0.0283976765988264
2.1459774499999993,0.016534362527959295
2.1471974499999993,0.024332737755346376
2.1506054499999996,0.02143455038265306
2.15483345,0.020910518053375193
2.1599024499999997,0.036154916954291474
2.16563545,0.021226590368608796
2.16583245,0.02325187556097478
2.1676984499999996,0.017070784931550072
2.16959345,0.01864789258656545
2.1752714499999994,0.021523209834898138
2.1771264499999994,0.016838140214763583
2.17845145,0.025453686200378065
2.1881474499999998,0.021365933412604038
2.1897774499999993,0.02032259787427228
2.1905614499999997,0.036051884284732494
2.1941454499999997,0.024085427308616965
2.1944224499999994,0.029829867674858217
2.19538545,0.02200844695195966
2.2000974499999995,0.020850661625708884
2.2056074499999996,0.02273584862771127
2.21470945,0.023029439696106355
2.2151564499999994,0.017410323308374095
2.21744145,0.04297893944433744
2.21752945,0.018014699110317008
2.2196234499999994,0.01908811807555157
2.2277404499999998,0.03158673937894716
2.22914545,0.019736288088642657
2.23048145,0.025493193833004833
2.2331324499999994,0.028851587972467087
2.23468145,0.022304939981532775
2.2421064499999996,0.0167292857525742
2.2422134499999995,0.02425922418691138
2.2450394499999993,0.016302462712452302
2.2529974499999996,0.019904930283763042
2.25397745,0.02616862366230678
2.2558944499999996,0.029017655047532814
2.2584814499999997,0.027550928021729277
2.25873145,0.027819286227173043
2.2655734499999998,0.029508740260457907
2.2683994499999995,0.01904044545298526
2.2710444499999998,0.024923255845402784
2.2712384499999994,0.02373345935727788
2.2755354499999996,0.021802541617122473
2.2776114499999993,0.025132990821119566
2.2845214499999997,0.02862173717862108
2.2847304499999996,0.016153119092627597
2.28914845,0.01830729871227115
2.29195145,0.017963044182986592
2.29414345,0.020168805642270787
2.29823445,0.01706184172516724
2.3006704499999993,0.028619649525998263
2.30070145,0.023797754395875993
2.30779745,0.018090737240075608
2.3119704499999996,0.023354140052100143
2.3136104499999997,0.025157060413470666
2.3137754499999996,0.015702996923870394
2.31805445,0.025820411806943656
2.32197545,0.04476462246809403
2.3230974499999997,0.019160596600763094
2.3263514499999998,0.01702570760139018
2.3314834499999995,0.026181022572251685
2.3347184499999996,0.03398028298707525
2.33544545,0.01573062683048131
2.3400994499999994,0.021597353497164455
2.34286745,0.033808532031025566
2.34585345,0.019631585972807532
2.3461224499999993,0.029735180055401662
2.35024445,0.01635129017655047
2.3515384499999996,0.019321227113434893
2.3563044499999997,0.022460223758925053
2.3564804499999994,0.017043500589208987
2.3579854499999993,0.021876857907253265
2.35901345,0.02451812818403038
2.36330145,0.04331225390764825
2.3680954499999993,0.02536120574627789
2.3724354499999993,0.0208288841139988
2.3753454499999993,0.015120036934441363
2.37743545,0.018620037807183357
2.3880054499999996,0.018746284185493452
2.38805345,0.04978069061288081
